id,object,result_position,task_id,annonce_id,agency_id,agency_page,agency_contact_name,agency_img_url,agency_phone_number,agency_has_email,agency_link,address,area,bedrooms_count,business_unit,coownership_annual_charges,coownership_number_of_lots,coownership_is_syndic_procedure,contact_is_private_seller,contact_email,description,district,dpe,estate_type,electricity_consumption,estate_type_id,features,ges,gas_emissions,highlighting_level,insee_code,is_furnished,is_exclusive,is_redirected,is_expired,latitude,longitude,monthly_price,main_picture,nature,postal_code,position,picture_count,price,price_per_meter,photos,price_decrease_percent,publication_id,pricing_price_note,ref,rooms,short_description,transaction_type,title,tags,url,video_url,virtual_visit_url,collected_at,input_url,input_max_pages,input_annonce_details
5906222,result,1,50494087,224282855,258336,https://www.seloger.com/professionnels/agences-immobilieres/paris-2eme-arrondissement-75002/agence-101075/,HOSMAN,https://v.seloger.com/s/width/150/logos/2/9/f/w/29fwyxh91ulneuv9nj9zd5ilxa2psge50pv3b46s8.jpg,01 84 80 61 19,t,http://www.hosman.co/,Bordeaux,75.00436071864644,2.0,1,1716.0,,,f,t,"Hosman vous propose Ã  la vente ce 3 piÃ¨ces d'une surface de 69 mÂ² Carrez, situÃ© Rue de Grassi Ã  Bordeaux.  Plongez dans ce havre de paix au cÅur de Bordeaux ! Cet appartement exceptionnel vous offre une terrasse arborÃ©e en bois, un Ã©crin de sÃ©rÃ©nitÃ© au sein du centre ville historique de Bordeaux. IdÃ©alement situÃ©, il se trouve Ã  2 pas de la place Gambetta, proche de Pey Berland et de la place du Parlement. Il est au 1er Ã©tage sur 1, d'une rÃ©sidence de 2011. Son espace de vie contemporain rÃ©vÃ¨le une cuisine moderne et un salon, ouverts sur la terrasse. La rÃ©sidence propose une place de parking intÃ©rieure, des rangements astucieusement intÃ©grÃ©s et une disposition parfaite, avec les chambres Ã  l'Ã©tage pour une quiÃ©tude absolue.  Le bien se compose : - D'un sÃ©jour de 32 mÂ², exposÃ© Est, qui donne sur une belle terrasse en bois de 15 m2. - D'une cuisine ouverte moderne et Ã©quipÃ©e. - De 2 chambres d'une surface de 11 mÂ² et 13,5 m2. - D'une salle d'eau de 5,5 m2. - Ce bien comporte Ã©galem...",HÃ´tel de Ville-Quinconce-Saint Seurin-FondaudÃ¨ge,B,Appartement,64.0,1,"Terrasse, Exposition Sud/Ouest, Parking, Pas d'ascenseur, Salle de bain (baignoire), Salle d'eau (douche), Toilettes, SÃ©jour / salon, Placards / rangements, Chauffage individuel",C,14.0,3,,f,t,,f,44.8402665,-0.5770409,2394,https://v.seloger.com/s/crop/414x414/visuels/1/b/n/f/1bnfo3j1775dodh02dprfci1p3q9sfby8gtsy89m8.jpg,1,33000,,19,430000,5733.0,"https://v.seloger.com/s/crop/341x256/visuels/1/b/n/f/1bnfo3j1775dodh02dprfci1p3q9sfby8gtsy89m8.jpg, https://v.seloger.com/s/crop/341x256/visuels/1/4/7/7/1477hhijh7z24yz7mgtmgy8clf94akjsi0mjpavu8.jpg, https://v.seloger.com/s/crop/341x256/visuels/0/f/a/1/0fa1kyem4rx39clcxler8tayb12w6odp0t5xjirw0.jpg, https://v.seloger.com/s/crop/341x256/visuels/2/6/t/m/26tmd099vfwaj93ipr5rdkrirvjvs3oe5yx8qjmwg.jpg, https://v.seloger.com/s/crop/341x256/visuels/2/8/t/u/28tuvld4vtad8taka7qwm0jbvxmcaqt10krvoad2o.jpg",5733.0,30258336,,c82221,3.0,"Appartement Ã  vendre - Hosman vous propose Ã  la vente ce 3 piÃ¨ces d'une surface de 69 mÂ² Carrez, situÃ© Rue de Grassi Ã  Bordeaux.  Plongez dans ce havre de paix au cÅur de Bordeaux ! Cet appartement exceptionnel vous offre une terrasse arborÃ©e en bois, un Ã©crin de sÃ©rÃ©nitÃ© au sein du centre ville historique de Bordeaux. IdÃ©alement situÃ©, il se trouve Ã  2 pas de la place Gambetta, proche de Pey Berland et de la place du Parlement. Il est au 1er Ã©tage sur 1, d'une rÃ©sidence de 2011. Son espace de vie contemporain rÃ©vÃ¨le une cuisine moderne et un salon, ouverts sur la terrasse. La rÃ©sidence [...]",2,Vente Appartement 3 piÃ¨ces Bordeaux - Appartement F3/T3/3 piÃ¨ces 75 mÂ² 430000â¬,"3 piÃ¨ces, 2 chambres, 75 mÂ², Ãtage 1/2, Terrasse, Parking",https://www.seloger.com/annonces/achat/appartement/bordeaux-33/hotel-de-ville-quinconce-saint-seurin-fondaudege/224282855.htm,,https://my.matterport.com/show/?m=sF7rGtmhoS4,2024-08-26 22:35:08.368678,"https://www.seloger.com/immobilier/achat/immo-bordeaux-33/?projects=2&natures=1,2&places=[{%22inseeCodes%22:[330063]}]&mandatorycommodities=1&enterprise=0&groundfloor=0&epc=A,B,C&qsVersion=1.0&m=search_refine-redirection-search_results",398,f
5922266,result,2,50494087,224454587,258336,https://www.seloger.com/professionnels/agences-immobilieres/paris-2eme-arrondissement-75002/agence-101075/,HOSMAN,https://v.seloger.com/s/width/150/logos/2/9/f/w/29fwyxh91ulneuv9nj9zd5ilxa2psge50pv3b46s8.jpg,01 84 80 61 19,t,http://www.hosman.co/,Bordeaux,57.00652938221999,2.0,1,,,,f,t,"Hosman vous propose Ã  la vente cet appartement 3 piÃ¨ces de 57 mÂ² situÃ© au 8Ã¨me Ã©tage d'un immeuble de 10 Ã©tages, Rue de Leybardie Ã  Bordeaux.  Cet appartement traversant, exposÃ© Nord-Ouest et Sud-Est, et entiÃ¨rement rÃ©novÃ©, vous offre un confort optimal. Profitez de sa luminositÃ©, d'une cuisine Ã©quipÃ©e, de 3 balcons et d'un cellier dans l'appartement. Il propose Ã©galement une place de parking sÃ©curisÃ©e. Sans oublier sa tranquillitÃ©, sans vis-Ã -vis, l'appartement propose une vue sur Bordeaux . IdÃ©alement situÃ©, il est Ã  12 min Ã  pieds du tram B, arrÃªt les Hangars, et 3 min de l'arrÃªt de bus St Louis (bus 5) ! Aucun sujet de copropriÃ©tÃ©, ravalement de faÃ§ade avec isolation rÃ©cents et intÃ©gralement payÃ©s.  L'appartement est au RDC, dans une rÃ©sidence des annÃ©es 1970 sÃ©curisÃ©e et avec gardien. La rÃ©sidence comporte de grands espaces verts agrÃ©ables.  L'appartement se compose comme suit : - Un sÃ©jour spacieux et lumineux avec accÃ¨s Ã  un des balcons. - Deux chambres confortables, dont u...",Le Lac-Bacalan,C,Appartement,233.0,1,"Balcon 17 mÂ², Exposition Nord/Sud/Est/Ouest, Sans vis-Ã -vis, Parking, Ascenseur, Gardien, Cuisine sÃ©parÃ©e, Salle de bain (baignoire), Toilettes, SÃ©jour / salon, Placards / rangements, Chauffage individuel",B,7.0,3,,f,t,,f,44.8618353,-0.5653564,1269,https://v.seloger.com/s/crop/414x414/visuels/0/q/f/m/0qfm69ljnq56vrmceh5e8wjach2h9axotoxhuv6eh.jpg,1,33300,,14,227000,3982.0,"https://v.seloger.com/s/crop/341x256/visuels/2/6/h/8/26h834exsbmfib066nouzl3djwdam96yc1wbmqiwa.jpg, https://v.seloger.com/s/crop/341x256/visuels/1/i/h/j/1ihjy9cfh8x6fd1tufmzacael40tlpxim59ppbw2y.jpg, https://v.seloger.com/s/crop/341x256/visuels/0/q/f/m/0qfm69ljnq56vrmceh5e8wjach2h9axotoxhuv6eh.jpg, https://v.seloger.com/s/crop/341x256/visuels/2/9/v/m/29vmgfwb2o6nmrwyx4psd2dv9aqwkrv415541blt6.jpg, https://v.seloger.com/s/crop/341x256/visuels/1/0/f/n/10fnw5jdxjjk1pq5o81yohwx3zciidjdlv2m8b9d6.jpg",3982.0,30258336,,f3e38d,3.0,"Appartement Ã  vendre - Hosman vous propose Ã  la vente cet appartement 3 piÃ¨ces de 57 mÂ² situÃ© au 8Ã¨me Ã©tage d'un immeuble de 10 Ã©tages, Rue de Leybardie Ã  Bordeaux.  Cet appartement traversant, exposÃ© Nord-Ouest et Sud-Est, et entiÃ¨rement rÃ©novÃ©, vous offre un confort optimal. Profitez de sa luminositÃ©, d'une cuisine Ã©quipÃ©e, de 3 balcons et d'un cellier dans l'appartement. Il propose Ã©galement une place de parking sÃ©curisÃ©e. Sans oublier sa tranquillitÃ©, sans vis-Ã -vis, l'appartement propose une vue sur Bordeaux . IdÃ©alement situÃ©, il est Ã  12 min Ã  pieds du tram B, arrÃªt les Hangars, et 3 [...]",2,Vente Appartement 3 piÃ¨ces Bordeaux - Appartement F3/T3/3 piÃ¨ces 57 mÂ² 227000â¬,"3 piÃ¨ces, 2 chambres, 57 mÂ², Ãtage 8/10, Balcon, Parking, Ascenseur",https://www.seloger.com/annonces/achat/appartement/bordeaux-33/le-lac-bacalan/224454587.htm,,https://tour.giraffe360.com/a8a983203f7d4604ad0324596a8d73b7/?nocookie,2024-08-26 22:35:08.900171,"https://www.seloger.com/immobilier/achat/immo-bordeaux-33/?projects=2&natures=1,2&places=[{%22inseeCodes%22:[330063]}]&mandatorycommodities=1&enterprise=0&groundfloor=0&epc=A,B,C&qsVersion=1.0&m=search_refine-redirection-search_results",398,f
5674110,result,3,50494087,221501183,258336,https://www.seloger.com/professionnels/agences-immobilieres/paris-2eme-arrondissement-75002/agence-101075/,HOSMAN,https://v.seloger.com/s/width/150/logos/2/9/f/w/29fwyxh91ulneuv9nj9zd5ilxa2psge50pv3b46s8.jpg,01 84 80 61 19,t,http://www.hosman.co/,Bordeaux,45.99671284339047,1.0,1,864.0,,,f,t,"Hosman vous propose Ã  la vente ce 2 piÃ¨ces d'une surface de 46,3 mÂ² Carrez, situÃ© Avenue Thiers Ã  Bordeaux.  Saisissez l'opportunitÃ© de vivre dans un cadre idÃ©al, Ã  deux pas du Tram A - Galin ! Dans une rÃ©sidence sÃ©curisÃ©e, avec ascenseur, cet appartement au 1er Ã©tage, sans vis-Ã -vis direct offre un cadre de vie agrÃ©able, avec des rangements optimisÃ©s et une cuisine ouverte moderne. La copropriÃ©tÃ©, bien entretenue, comprend un local Ã  vÃ©los et une place de parking. Proche des transports en commun, cet appartement est une opportunitÃ© idÃ©ale pour un investissement locatif ou pour y vivre. Ne manquez pas cette occasion unique !  Un locataire est actuellement prÃ©sent dans l'appartement. Fin du bail en aoÃ»t 2026. Loyer : 606 euros/mois dont 40 euros de charges.  Le bien se compose : - D'un sÃ©jour spacieux de 24 mÂ², exposÃ© Nord Ouest. - D'une cuisine ouverte sur le sÃ©jour, moderne et Ã©quipÃ©e. - D'une chambre d'une surface de 12,5 mÂ². - D'une salle de bain de 4,4 mÂ², Ã©quipÃ©e d'une baigno...",La Bastide,C,Appartement,128.0,1,"Exposition Nord/Ouest, Sans vis-Ã -vis, Parking, Ascenseur, Salle de bain (baignoire), Toilettes, SÃ©jour / salon, Placards / rangements, Chauffage individuel",A,3.0,3,,f,f,,f,44.8509613,-0.5419857,1097,https://v.seloger.com/s/crop/414x414/visuels/1/b/s/i/1bsidemobx8191bdqpxoj6qb9nfgflll23fzvk8q2.jpg,1,33100,,13,195900,4259.0,"https://v.seloger.com/s/crop/341x256/visuels/2/7/k/y/27kyfoganbfvykwttkcfbjyyobukko6dpt6qw3nze.jpg, https://v.seloger.com/s/crop/341x256/visuels/1/b/s/i/1bsidemobx8191bdqpxoj6qb9nfgflll23fzvk8q2.jpg, https://v.seloger.com/s/crop/341x256/visuels/0/y/8/e/0y8ewkun9npg5lqyti8blr7as6j8hqmjk951xgxt6.jpg, https://v.seloger.com/s/crop/341x256/visuels/1/0/y/h/10yhzj7oze54iqqwwybymc43uc78cjqhv9ddb6m22.jpg, https://v.seloger.com/s/crop/341x256/visuels/1/w/3/6/1w36936df4wdgc89rj6ka8na03vdndh5on9uw1wru.jpg",4259.0,30258336,,556197,2.0,"Appartement Ã  vendre - Hosman vous propose Ã  la vente ce 2 piÃ¨ces d'une surface de 46,3 mÂ² Carrez, situÃ© Avenue Thiers Ã  Bordeaux.  Saisissez l'opportunitÃ© de vivre dans un cadre idÃ©al, Ã  deux pas du Tram A - Galin ! Dans une rÃ©sidence sÃ©curisÃ©e, avec ascenseur, cet appartement au 1er Ã©tage, sans vis-Ã -vis direct offre un cadre de vie agrÃ©able, avec des rangements optimisÃ©s et une cuisine ouverte moderne. La copropriÃ©tÃ©, bien entretenue, comprend un local Ã  vÃ©los et une place de parking. Proche des transports en commun, cet appartement est une opportunitÃ© idÃ©ale pour un investissement [...]",2,Vente Appartement 2 piÃ¨ces Bordeaux - Appartement F2/T2/2 piÃ¨ces 46 mÂ² 195900â¬,"2 piÃ¨ces, 1 chambre, 46 mÂ², Ãtage 1/4, Parking, Ascenseur",https://www.seloger.com/annonces/achat/appartement/bordeaux-33/la-bastide/221501183.htm,,https://tour.giraffe360.com/a9fa33b936bd44aa88bb843f41b450ef/,2024-08-26 22:35:09.456058,"https://www.seloger.com/immobilier/achat/immo-bordeaux-33/?projects=2&natures=1,2&places=[{%22inseeCodes%22:[330063]}]&mandatorycommodities=1&enterprise=0&groundfloor=0&epc=A,B,C&qsVersion=1.0&m=search_refine-redirection-search_results",398,f
5873746,result,4,50494087,223846565,258336,https://www.seloger.com/professionnels/agences-immobilieres/paris-2eme-arrondissement-75002/agence-101075/,HOSMAN,https://v.seloger.com/s/width/150/logos/2/9/f/w/29fwyxh91ulneuv9nj9zd5ilxa2psge50pv3b46s8.jpg,01 84 80 61 19,t,http://www.hosman.co/,Bordeaux,147.00477765527378,0.0,5,,,,f,t,,Grand Parc-Chartrons-Paul Doumer,,Maison/Villa,,2,,,,3,,f,t,,f,,,4443,,3,33000,,20,800000,5442.0,"https://v.seloger.com/s/crop/341x256/visuels/0/h/z/p/0hzpby2gtvw7c2luetmmjqmk2u7f4qyyd6lzxwckw.jpg, https://v.seloger.com/s/crop/341x256/visuels/1/h/4/r/1h4r21bpeup8p0g7y64qlpd5lr5ej1cm3gxwy5pyo.jpg, https://v.seloger.com/s/crop/341x256/visuels/0/5/9/5/0595b6b4e6s8bisit4t8ghjk22nm6bpk8htpylupc.jpg, https://v.seloger.com/s/crop/341x256/visuels/1/j/2/3/1j23yjxlw7glsffjwu61v6zjdojfitc1if5rnh4mo.jpg, https://v.seloger.com/s/crop/341x256/visuels/1/2/8/7/1287sj2vzfdg7972fwphneqi21c0l3hw3eez31vhs.jpg",,30258336,,,5.0,"Maison/Villa de luxe Ã  vendre - Hosman vous propose Ã  la vente cette charmante maison de 147 mÂ², situÃ©e rue de Bruges. Cette maison familiale offre 5 piÃ¨ces spacieuses et un extÃ©rieur de 70 mÂ² avec jacuzzi, idÃ©al pour profiter des beaux jours.  Planifiez facilement votre visite en choisissant le crÃ©neau qui vous convient depuis notre site hosman . co  La maison se compose comme suit :  Rez-de-chaussÃ©e : - Un sÃ©jour lumineux de 30 mÂ², parfait pour des moments conviviaux en famille. - Une petite cuisine fonctionnelle. - Une salle Ã  manger avec accÃ¨s Ã  un balcon, idÃ©al pour les repas en [...]",8,,"5 piÃ¨ces, 4 chambres, 147 mÂ², Terrain 135 mÂ²",https://www.bellesdemeures.com/annonces/vente/tt-2-tb-2-pl-48325/223846565/,,https://my.matterport.com/show/?m=Qpc8PczpvDx,2024-08-26 22:35:10.010144,"https://www.seloger.com/immobilier/achat/immo-bordeaux-33/?projects=2&natures=1,2&places=[{%22inseeCodes%22:[330063]}]&mandatorycommodities=1&enterprise=0&groundfloor=0&epc=A,B,C&qsVersion=1.0&m=search_refine-redirection-search_results",398,f
6045546,result,5,50494087,225520119,258336,https://www.seloger.com/professionnels/agences-immobilieres/paris-2eme-arrondissement-75002/agence-101075/,HOSMAN,https://v.seloger.com/s/width/150/logos/2/9/f/w/29fwyxh91ulneuv9nj9zd5ilxa2psge50pv3b46s8.jpg,01 84 80 61 19,t,http://www.hosman.co/,Bordeaux,66.00719424460432,2.0,1,2532.0,,,f,t,"Hosman vous propose Ã  la vente ce 3 piÃ¨ces d'une surface de 66,0 mÂ² Carrez, situÃ© Avenue de la RÃ©publique Ã  Bordeaux.  Vous recherchez un magnifique T3 Ã  proximitÃ© directe des boulevards, le tout avec un extÃ©rieur, trÃ¨s lumineux et de grands espaces ? Ne cherchez plus, votre futur havre de paix est lÃ . N'attendez pas pour le visiter !  L'appartement est situÃ© au 2Ã¨me Ã©tage d'une rÃ©sidence de 2012. Une rÃ©sidence trÃ¨s bien entretenue avec ascenseur et place de parking.  Le bien se compose :  D'un sÃ©jour de 30 mÂ², exposÃ© sud, donnant sur la cour. Un balcon de 8,0 mÂ² est rattachÃ© au sÃ©jour. De 2 chambres d'une surface d'environ 11 mÂ². D'une cuisine ouverte. D'une salle de bain de 6 mÂ², Ã©quipÃ©e d'une baignoire. Des toilettes sÃ©parÃ©es. Une place de parking intÃ©rieure est incluse. Un local Ã  vÃ©lo / un local Ã  poussette est Ã©galement prÃ©sent dans l'immeuble.  Le bien se situe Ã  2 minutes Ã  pied de la station de bus la plus proche. Proche de toutes commoditÃ©s, que ce soit des Ã©coles, des c...",CaudÃ©ran-BarriÃ¨re JudaÃ¯que,C,Appartement,89.0,1,"Balcon 8 mÂ², Exposition Sud/Ouest, Parking, Ascenseur, Salle de bain (baignoire), Toilettes, SÃ©jour / salon, Chauffage collectif",C,15.0,3,,f,t,,f,44.8397046,-0.6046903,1435,https://v.seloger.com/s/crop/414x414/visuels/1/n/k/e/1nke95kj8sq6ou4tsno6l13gtb0owzg0lugeopx8g.jpg,1,33200,,14,256900,3892.0,"https://v.seloger.com/s/crop/341x256/visuels/1/n/k/e/1nke95kj8sq6ou4tsno6l13gtb0owzg0lugeopx8g.jpg, https://v.seloger.com/s/crop/341x256/visuels/1/s/e/4/1se4bl2xh8voglk7ccwz584s9nodh469ljagp9dbk.jpg, https://v.seloger.com/s/crop/341x256/visuels/2/3/f/2/23f2nc7g2uv76agw5llm72c2woe8x6pslbpe19zg0.jpg, https://v.seloger.com/s/crop/341x256/visuels/1/1/t/8/11t88hzlxcu2dut7p8ib2ozfnsxbuok090hlw4qsw.jpg, https://v.seloger.com/s/crop/341x256/visuels/1/t/0/d/1t0d6q6gbookmypsk773qmykjrcw7xfyoaqf9538w.jpg",3892.0,30258336,,b4a239,3.0,"Appartement Ã  vendre - Hosman vous propose Ã  la vente ce 3 piÃ¨ces d'une surface de 66,0 mÂ² Carrez, situÃ© Avenue de la RÃ©publique Ã  Bordeaux.  Vous recherchez un magnifique T3 Ã  proximitÃ© directe des boulevards, le tout avec un extÃ©rieur, trÃ¨s lumineux et de grands espaces ? Ne cherchez plus, votre futur havre de paix est lÃ . N'attendez pas pour le visiter !  L'appartement est situÃ© au 2Ã¨me Ã©tage d'une rÃ©sidence de 2012. Une rÃ©sidence trÃ¨s bien entretenue avec ascenseur et place de parking.  Le bien se compose :  D'un sÃ©jour de 30 mÂ², exposÃ© sud, donnant sur la cour. Un balcon de 8,0 [...]",2,Vente Appartement 3 piÃ¨ces Bordeaux - Appartement F3/T3/3 piÃ¨ces 66 mÂ² 256900â¬,"3 piÃ¨ces, 2 chambres, 66 mÂ², Ãtage 2/4, Balcon, Parking, Ascenseur",https://www.seloger.com/annonces/achat/appartement/bordeaux-33/cauderan-barriere-judaique/225520119.htm,,https://my.matterport.com/show/?m=fprku84unMi,2024-08-26 22:35:10.535351,"https://www.seloger.com/immobilier/achat/immo-bordeaux-33/?projects=2&natures=1,2&places=[{%22inseeCodes%22:[330063]}]&mandatorycommodities=1&enterprise=0&groundfloor=0&epc=A,B,C&qsVersion=1.0&m=search_refine-redirection-search_results",398,f
5487161,result,6,50494087,218966517,162223,https://www.seloger.com/professionnels/agences-immobilieres/bordeaux-33000/agence-64549/,Coldwell Banker Immoba Realty Bordeaux,https://v.seloger.com/s/height/150/logos/1/v/v/l/1vvli9x9m3k9t5ufrptd9cxnifjv6atjno4omrgu5.jpg,05 57 34 01 39,t,http://bordeaux.immoba.fr/,Bordeaux,95.00206526228833,0.0,5,,,,f,t,,HÃ´tel de Ville-Quinconce-Saint Seurin-FondaudÃ¨ge,,Maison/Villa,,2,,,,3,,f,f,,f,,,3834,,3,33000,,6,690000,7263.0,"https://v.seloger.com/s/crop/341x256/visuels/0/w/w/l/0wwl0kin29tpyyx4vqci0utukeyoow1yim1dl1avo.jpg, https://v.seloger.com/s/crop/341x256/visuels/0/u/d/o/0udoobuj3ijueg3jgc8pugxqba71xew2l39wyi0r8.jpg, https://v.seloger.com/s/crop/341x256/visuels/0/1/s/f/01sfiehxispk1avgras3nf2vws3ty5gvbhre4hpas.jpg, https://v.seloger.com/s/crop/341x256/visuels/1/g/5/y/1g5yusfl84v87x8nk76qjt7x64xonc9ixl3joty3g.jpg, https://v.seloger.com/s/crop/341x256/visuels/1/m/6/c/1m6cdu5mkpqw7exe3e7bmi2y32ufjupssnv4cr07w.jpg",,30162223,,,4.0,"Maison/Villa de luxe Ã  vendre - BORDEAUX CENTRE - GAMBETTA - T4 AVEC JARDIN Venez dÃ©couvrir ce vÃ©ritable petit bijou d'Ã©lÃ©gance intemporelle, un merveilleux appartement rÃ©novÃ© d'environ 95mÂ² se vivant comme une Â« maison Â» avec son jardin et a deux pas de la place Gambetta.  Une rÃ©novation complÃ¨te qui allie l'ancien avec le contemporain afin de rÃ©vÃ©ler un certain raffinement pour ce bien d'exception.  L'appartement dispose d'une entrÃ©e avec rangements, d'un salon/sÃ©jour lumineux avec de larges ouvertures sur le jardin, d'une cuisine Ã©quipÃ©e et fonctionnelle, semi ouverte. Un [...]",8,,"4 piÃ¨ces, 3 chambres, 95 mÂ², Jardin",https://www.bellesdemeures.com/annonces/vente/tt-2-tb-2-pl-48321/218966517/,,https://app.clap.video/watch/0mXxoDAM2zv8XnUwNS4VZ,2024-08-26 22:35:11.063174,"https://www.seloger.com/immobilier/achat/immo-bordeaux-33/?projects=2&natures=1,2&places=[{%22inseeCodes%22:[330063]}]&mandatorycommodities=1&enterprise=0&groundfloor=0&epc=A,B,C&qsVersion=1.0&m=search_refine-redirection-search_results",398,f
4758948,result,7,50494087,211852613,258336,https://www.seloger.com/professionnels/agences-immobilieres/paris-2eme-arrondissement-75002/agence-101075/,HOSMAN,https://v.seloger.com/s/width/150/logos/2/9/f/w/29fwyxh91ulneuv9nj9zd5ilxa2psge50pv3b46s8.jpg,01 84 80 61 19,t,http://www.hosman.co/,Bordeaux,110.00255819902787,3.0,1,1392.0,,,f,t,"Hosman vous propose Ã  la vente ce 4 piÃ¨ces d'une surface de 110 m2 situÃ© Rue Sainte-Catherine Ã  Bordeaux.  L'appartement est au dernier et 5Ã¨me Ã©tage d'un immeuble en pierres bordelaises du XIXÃ¨me, dans la rue historique de Bordeaux ! Vous serez sÃ©duits par le charme de cet appartement, mÃªlant ancien et contemporain, ainsi que son calme et sa luminositÃ© ! L'appartement propose un trÃ¨s bel et spacieux espace vie.  Proche des commerces et de toutes commoditÃ©s, en plein coeur de l'Ã©cosystÃ¨me Bordelais. L'accÃ¨s aux transports en commun est Ã©galement idÃ©al, grÃ¢ce aux stations de tramway ''Sainte-Catherine'' - ligne A, et ''Victoire'' - Ligne B Ã  2 minutes, situÃ©es Ã  2 minutes Ã  pieds. Vous pourrez Ã©galement rejoindre la gare Saint-Jean en seulement 20 minutes en transport, en ligne directe !  Le bien se compose : - D'un sÃ©jour de 64 m2, exposÃ© Est qui donne sur la flÃ¨che Saint-Michel au loin - D'une cuisine ouverte, moderne et entiÃ¨rement Ã©quipÃ©e - D'une salle de bain lumineuse de 4,6 ...",Capucins-Saint Michel-Nansouty-Saint GenÃ¨s,C,Appartement,157.0,1,"Exposition Est, Calme, Pas d'ascenseur, Salle de bain (baignoire), Toilettes, SÃ©jour / salon, Chauffage individuel",A,5.0,3,,f,f,,f,44.8334545,-0.5734597,2394,https://v.seloger.com/s/crop/414x414/visuels/0/z/2/e/0z2e7beqhkczsmfgpjx5w887npizfsu84bugf0zw0.jpg,1,33000,,14,430000,3909.0,"https://v.seloger.com/s/crop/341x256/visuels/0/z/2/e/0z2e7beqhkczsmfgpjx5w887npizfsu84bugf0zw0.jpg, https://v.seloger.com/s/crop/341x256/visuels/1/r/u/r/1rurpz9hwg7ajka1slmy6csuhz4dit0yf4of8dvhs.jpg, https://v.seloger.com/s/crop/341x256/visuels/1/k/m/0/1km0j6o3z4yhk2ao8z6lt79knb1funz61597s05o0.jpg, https://v.seloger.com/s/crop/341x256/visuels/1/v/b/a/1vbamkanfc4bqikblhbgsqv3etxl4qveh8swca568.jpg, https://v.seloger.com/s/crop/341x256/visuels/0/5/t/9/05t9xvozm0m2p61t5vzswdwpvziya81ssnlhv0ss0.jpg",3909.0,30258336,,124a58,4.0,"Appartement Ã  vendre - Hosman vous propose Ã  la vente ce 4 piÃ¨ces d'une surface de 110 m2 situÃ© Rue Sainte-Catherine Ã  Bordeaux.  L'appartement est au dernier et 5Ã¨me Ã©tage d'un immeuble en pierres bordelaises du XIXÃ¨me, dans la rue historique de Bordeaux ! Vous serez sÃ©duits par le charme de cet appartement, mÃªlant ancien et contemporain, ainsi que son calme et sa luminositÃ© ! L'appartement propose un trÃ¨s bel et spacieux espace vie.  Proche des commerces et de toutes commoditÃ©s, en plein coeur de l'Ã©cosystÃ¨me Bordelais. L'accÃ¨s aux transports en commun est Ã©galement idÃ©al, grÃ¢ce aux [...]",2,Vente Appartement 4 piÃ¨ces Bordeaux - Appartement F4/T4/4 piÃ¨ces 110 mÂ² 430000â¬,"4 piÃ¨ces, 3 chambres, 110 mÂ², Ãtage 5/5",https://www.seloger.com/annonces/achat/appartement/bordeaux-33/capucins-saint-michel-nansouty-saint-genes/211852613.htm,,https://my.matterport.com/show/?m=QKEDJypdCA1,2024-08-26 22:35:11.599206,"https://www.seloger.com/immobilier/achat/immo-bordeaux-33/?projects=2&natures=1,2&places=[{%22inseeCodes%22:[330063]}]&mandatorycommodities=1&enterprise=0&groundfloor=0&epc=A,B,C&qsVersion=1.0&m=search_refine-redirection-search_results",398,f
5770948,result,8,50494087,215265595,162223,https://www.seloger.com/professionnels/agences-immobilieres/bordeaux-33000/agence-64549/,Coldwell Banker Immoba Realty Bordeaux,https://v.seloger.com/s/height/150/logos/1/v/v/l/1vvli9x9m3k9t5ufrptd9cxnifjv6atjno4omrgu5.jpg,05 57 34 01 39,t,http://bordeaux.immoba.fr/,Bordeaux,144.0040140491721,0.0,1,,,,f,t,,HÃ´tel de Ville-Quinconce-Saint Seurin-FondaudÃ¨ge,,Appartement,,1,,,,3,,f,f,,f,,,4781,,1,33000,,6,861000,5979.0,"https://v.seloger.com/s/crop/341x256/visuels/0/1/b/1/01b1jzzm7s2tr0hc5hzxmtgbscy8be8eegqm7yz8c.jpg, https://v.seloger.com/s/crop/341x256/visuels/2/0/f/x/20fxxu5n7oqqvbbka5yr5g8508hvqgyf8pmekkuzg.jpg, https://v.seloger.com/s/crop/341x256/visuels/1/v/x/5/1vx5fnzo0ff4rc2omy7dn15rruk0mz8wukcukydp8.jpg, https://v.seloger.com/s/crop/341x256/visuels/1/j/9/9/1j99tsa9ynq4iczd0r334cf2yx9d9r3mptju0hdcs.jpg, https://v.seloger.com/s/crop/341x256/visuels/1/r/r/k/1rrkowkg3ghrzfey3luqb8n5aju8az2p6fh5mlb6k.jpg",,30162223,,,6.0,"Appartement de luxe Ã  vendre - BORDEAUX COEUR DE VILLE - GRAND APPARTEMENT - PRESTATIONS ANCIENNES - CAVE PRIVATIVE Coldwell Banker Immoba Realty Agence immobiliÃ¨re Bordeaux vous prÃ©sente cet appartement, un vÃ©ritable coup de cÅur, situÃ© dans un immeuble en pierre Ã  deux pas de l'HÃ´tel de Ville, en plein centre de Bordeaux.  DÃ¨s l'entrÃ©e vous dÃ©couvrirez un beau salon double dotÃ© d'une belle hauteur sous plafond. Une grande cuisine sÃ©parÃ©e entiÃ¨rement Ã©quipÃ©e est complÃ©tÃ©e par un cellier attenant.  L'espace de nuit se compose de trois chambres, d'une salle de bains et d'une salle [...]",8,,"6 piÃ¨ces, 4 chambres, 144 mÂ², Ãtage 2/3, Balcon",https://www.seloger.com/annonces/achat-de-prestige/appartement/bordeaux-33/hotel-de-ville-quinconce-saint-seurin-fondaudege/215265595.htm,,https://www.youtube.com/watch?v=wIeHlrJ9aUI,2024-08-26 22:35:12.308138,"https://www.seloger.com/immobilier/achat/immo-bordeaux-33/?projects=2&natures=1,2&places=[{%22inseeCodes%22:[330063]}]&mandatorycommodities=1&enterprise=0&groundfloor=0&epc=A,B,C&qsVersion=1.0&m=search_refine-redirection-search_results",398,f
5762769,result,9,50494087,222469219,62148,https://www.seloger.com/professionnels/agences-immobilieres/bordeaux-33000/agence-39442/,ALPIERRE ID-IMMO,https://v.seloger.com/s/height/150/logos/0/0/p/n/00pn5rtsnuy5fkixfzb4hzelkv7xr0s9wenjmuzlr.jpg,05 56 81 83 43,t,https://www.alpierreimmobilier.fr/,Bordeaux,116.00465348180155,0.0,5,,,,f,t,,HÃ´tel de Ville-Quinconce-Saint Seurin-FondaudÃ¨ge,,Appartement,,1,,,,3,,f,f,,f,,,3878,,3,33000,,9,698000,6017.0,"https://v.seloger.com/s/crop/341x256/visuels/1/2/x/w/12xw7vqt11i3s7bha1xxrucbvzkpoy03kwixaojf8.jpg, https://v.seloger.com/s/crop/341x256/visuels/2/4/6/f/246fob7k2m8wp73p39y8wde9ghr7xon8j8iay2yqb.jpg, https://v.seloger.com/s/crop/341x256/visuels/1/b/w/3/1bw3aisgksqxmv6ivr1l5mgaiw0mamwnypawdixck.jpg, https://v.seloger.com/s/crop/341x256/visuels/0/0/q/y/00qy1gkjfo4bsl4cg55y79vbjsj50yaxthdzytpw4.jpg, https://v.seloger.com/s/crop/341x256/visuels/2/a/d/h/2adhg32exzb3yc2lmcxmyv9pwqhr4za4wac2d3978.jpg",,30062148,,,4.0,"Appartement de luxe Ã  vendre - L'agence ALPIERRE vous prÃ©sente en exclusivitÃ© ce magnifique appartement. Au premier Ã©tage d'un immeuble en pierre, dans une petite copropriÃ©tÃ©, cet appartement situÃ© en coeur de ville, offre un accÃ¨s immÃ©diat Ã  toutes les commoditÃ©s du centre historique, marchÃ©, mairie, Ã©cole, cinÃ©ma et autres, tout en Ã©tant dans un calme absolu. Entre la Place Camille Julian et la Place Pey Berland il se situe Ã  moins de deux minutes Ã  pied de la ligne A du tramway et Ã  5 minutes de l'arrÃªt Â« hÃ´tel de ville Â», permettant l'accÃ¨s Ã  la ligne A et Ã  la ligne B. EntiÃ¨rement [...]",8,,"4 piÃ¨ces, 3 chambres, 116 mÂ², Ãtage 1/0, Terrasse",https://www.bellesdemeures.com/annonces/vente/tt-2-tb-1-pl-48321/222469219/,,https://youtu.be/UvpJHPyL5ws?si=mz-BaAyn8QGjoM_-,2024-08-26 22:35:12.855496,"https://www.seloger.com/immobilier/achat/immo-bordeaux-33/?projects=2&natures=1,2&places=[{%22inseeCodes%22:[330063]}]&mandatorycommodities=1&enterprise=0&groundfloor=0&epc=A,B,C&qsVersion=1.0&m=search_refine-redirection-search_results",398,f
5970016,result,10,50494087,225061715,258336,https://www.seloger.com/professionnels/agences-immobilieres/paris-2eme-arrondissement-75002/agence-101075/,HOSMAN,https://v.seloger.com/s/width/150/logos/2/9/f/w/29fwyxh91ulneuv9nj9zd5ilxa2psge50pv3b46s8.jpg,01 84 80 61 19,t,http://www.hosman.co/,Bordeaux,41.997556505803296,1.0,1,,,,f,t,"Description du bien  Hosman vous propose Ã  la vente cet appartement de 2 piÃ¨ces de 38,35 mÂ² Carrez, situÃ© Rue du ManÃ¨ge Ã  Bordeaux. Ce bien lumineux et traversant se trouve au 1er Ã©tage d'un immeuble de 2 Ã©tages datant de 1850-1913. Vous apprÃ©cierez un balcon de 2 mÂ² et une terrasse de 4 mÂ² pour profiter des beaux jours.  RÃ©servation de visite Planifiez facilement votre visite en choisissant le crÃ©neau qui vous convient depuis le site d'hosman.  DÃ©tails du bien L'appartement se compose comme suit: Un sÃ©jour spacieux et traversant offrant une excellente luminositÃ©; Une chambre confortable et bien agencÃ©e; Une cuisine sÃ©parÃ©e, pratique et fonctionnelle; Une salle de bain avec baignoire; Des toilettes sÃ©parÃ©es.  Le systÃ¨me de chauffage et le systÃ¨me d'eau chaude sont Ã©lectriques.  Localisation  IdÃ©alement situÃ© dans le quartier animÃ© de Bordeaux, cet appartement bÃ©nÃ©ficie de nombreux avantages: ProximitÃ© immÃ©diate de la Place Gambetta et des quais de la Garonne, parfaits pour des pro...",HÃ´tel de Ville-Quinconce-Saint Seurin-FondaudÃ¨ge,C,Appartement,179.0,1,"Balcon 2 mÂ², Terrasse, Exposition Est, Pas d'ascenseur, Cuisine sÃ©parÃ©e, Salle de bain (baignoire), Toilettes, SÃ©jour / salon, Chauffage individuel",A,5.0,3,,f,t,,f,44.8416483,-0.5849617,1535,https://v.seloger.com/s/crop/414x414/visuels/2/3/4/s/234sxu701ymsumzrdvf1b43qlix4q35fhf0mn80mi.jpg,1,33000,,18,275000,6548.0,"https://v.seloger.com/s/crop/341x256/visuels/2/3/4/s/234sxu701ymsumzrdvf1b43qlix4q35fhf0mn80mi.jpg, https://v.seloger.com/s/crop/341x256/visuels/2/6/f/q/26fq1picgmg3ccbs0414nspdk2rhe7k1tpvz6dj56.jpg, https://v.seloger.com/s/crop/341x256/visuels/0/x/r/h/0xrh2npuuatgxzdhxps2co6a5moilzbcufhw3f6zu.jpg, https://v.seloger.com/s/crop/341x256/visuels/0/l/6/a/0l6al9f9wftzschpgw3d4jjlgli0ptkbwp6vafsiy.jpg, https://v.seloger.com/s/crop/341x256/visuels/1/9/1/2/19128m0mgeigwq5ggzgkkgvj0xhnduykwymtv1hyi.jpg",6548.0,30258336,,28b777,2.0,"Appartement Ã  vendre - Description du bien  Hosman vous propose Ã  la vente cet appartement de 2 piÃ¨ces de 38,35 mÂ² Carrez, situÃ© Rue du ManÃ¨ge Ã  Bordeaux. Ce bien lumineux et traversant se trouve au 1er Ã©tage d'un immeuble de 2 Ã©tages datant de 1850-1913. Vous apprÃ©cierez un balcon de 2 mÂ² et une terrasse de 4 mÂ² pour profiter des beaux jours.  RÃ©servation de visite Planifiez facilement votre visite en choisissant le crÃ©neau qui vous convient depuis le site d'hosman.  DÃ©tails du bien L'appartement se compose comme suit: Un sÃ©jour spacieux et traversant offrant une excellente [...]",2,Vente Appartement 2 piÃ¨ces Bordeaux - Appartement F2/T2/2 piÃ¨ces 42 mÂ² 275000â¬,"2 piÃ¨ces, 1 chambre, 42 mÂ², Ãtage 1/2, Balcon, Terrasse",https://www.seloger.com/annonces/achat/appartement/bordeaux-33/hotel-de-ville-quinconce-saint-seurin-fondaudege/225061715.htm,,https://tour.giraffe360.com/e18341e823c34b89b34cef9126ad68cc/?nocookie,2024-08-26 22:35:13.381069,"https://www.seloger.com/immobilier/achat/immo-bordeaux-33/?projects=2&natures=1,2&places=[{%22inseeCodes%22:[330063]}]&mandatorycommodities=1&enterprise=0&groundfloor=0&epc=A,B,C&qsVersion=1.0&m=search_refine-redirection-search_results",398,f
,,,,,,,,,,,,,,,,,,,,,,,,,,,,,,,,,,,,,,,,,,,,,,,,,,,,,,,,,,,,,,
,,,,,,,,,,,,,,,,,,,,,,,,,,,,,,,,,,,,,,,,,,,,,,,,,,,,,,,,,,,,,,
Export limit reached - Get the full dataset with our premium plans,,,,,,,,,,,,,,,,,,,,,,,,,,,,,,,,,,,,,,,,,,,,,,,,,,,,,,,,,,,,,,
Upgrade to export all your data with the link below:,,,,,,,,,,,,,,,,,,,,,,,,,,,,,,,,,,,,,,,,,,,,,,,,,,,,,,,,,,,,,,
https://app.lobstr.io/dashboard/pricing,,,,,,,,,,,,,,,,,,,,,,,,,,,,,,,,,,,,,,,,,,,,,,,,,,,,,,,,,,,,,,
